AF,AFG,Asia,Afghanistan
AX,ALA,Europe,Åland Islands
AL,ALB,Europe,Albania
DZ,DZA,Africa,Algeria
AS,ASM,Australia and Oceania,American Samoa (USA)
AD,AND,Europe,Andorra
AO,AGO,Africa,Angola
AI,AIA,North America,Anguilla (UK)
AQ,ATA,Antarctica,Antarctica
AG,ATG,North America,Antigua and Barbuda
AR,ARG,South America,Argentina
AM,ARM,Eurasia,Armenia
AW,ABW,North America,Aruba (Netherlands)
AU,AUS,Australia and Oceania,Australia
AT,AUT,Europe,Austria
AZ,AZE,Eurasia,Azerbaijan
BS,BHS,North America,Bahamas
BH,BHR,Asia,Bahrain
BD,BGD,Asia,Bangladesh
BB,BRB,North America,Barbados
BY,BLR,Europe,Belarus
BE,BEL,Europe,Belgium
BZ,BLZ,North America,Belize
BJ,BEN,Africa,Benin
BM,BMU,North America,Bermuda (UK)
BT,BTN,Asia,Bhutan
BO,BOL,South America,Bolivia
BQ,BES,North America,Bonaire (Netherlands)
BA,BIH,Europe,Bosnia and Herzegovina
BW,BWA,Africa,Botswana
BV,BVT,Antarctica,Bouvet Island
BR,BRA,South America,Brazil
IO,IOT,North America,British Virgin Islands (UK)
BN,BRN,Asia,Brunei
BG,BGR,Europe,Bulgaria
BF,BFA,Africa,Burkina Faso
BI,BDI,Africa,Burundi
CV,CPV,Africa,Cabo Verde
KH,KHM,Asia,Cambodia
CM,CMR,Africa,Cameroon
CA,CAN,North America,Canada
KY,CYM,North America,Cayman Islands (UK)
CF,CAF,Africa,Central African Republic
TD,TCD,Africa,Chad
CL,CHL,South America,Chile
CN,CHN,Asia,China
CX,CXR,Asia,Christmas Island
CC,CCK,Asia,Cocos (Keeling) Islands
CO,COL,South America,Colombia
KM,COM,Africa,Comoros
CG,COG,Africa,"Congo, Democratic Republic of the"
CD,COD,Africa,"Congo, Republic of the"
CK,COK,Australia and Oceania,Cook Islands (New Zealand)
CR,CRI,North America,Costa Rica
CI,CIV,Africa,Cote d'Ivoire
HR,HRV,Europe,Croatia
CU,CUB,North America,Cuba
CW,CUW,North America,Curaçao (Netherlands)
CY,CYP,Europe,Cyprus
CZ,CZE,Europe,Czech Republic
DK,DNK,Europe,Denmark
DJ,DJI,Africa,Djibouti
DM,DMA,North America,Dominica
DO,DOM,North America,Dominican Republic
EC,ECU,South America,Ecuador
EG,EGY,Africa,Egypt
SV,SLV,North America,El Salvador
GQ,GNQ,Africa,Equatorial Guinea
ER,ERI,Africa,Eritrea
EE,EST,Europe,Estonia
ET,ETH,Africa,Ethiopia
FK,FLK,South America,Falkland Islands (UK)
FO,FRO,Europe,Faroe Islands
FJ,FJI,Australia and Oceania,Fiji
FI,FIN,Europe,Finland
FR,FRA,Europe,France
GF,GUF,South America,French Guiana (France)
PF,PYF,Australia and Oceania,French Polynesia (France)
TF,ATF,Antarctica,French Southern Territories
GA,GAB,Africa,Gabon
GM,GMB,Africa,Gambia
GE,GEO,Eurasia,Georgia
DE,DEU,Europe,Germany
GH,GHA,Africa,Ghana
GI,GIB,Europe,Gibraltar
GR,GRC,Europe,Greece
GL,GRL,North America,Greenland (Denmark)
GD,GRD,North America,Grenada
GP,GLP,North America,Guadeloupe (France)
GU,GUM,Australia and Oceania,Guam (USA)
GT,GTM,North America,Guatemala
GG,GGY,Europe,Guernsey
GN,GIN,Africa,Guinea
GW,GNB,Africa,Guinea-Bissau
GY,GUY,South America,Guyana
HT,HTI,North America,Haiti
HM,HMD,,Heard Island and McDonald Islands
VA,VAT,Europe,Holy See
HN,HND,North America,Honduras
HK,HKG,Asia,Hong Kong
HU,HUN,Europe,Hungary
IS,ISL,Europe,Iceland
IN,IND,Asia,India
ID,IDN,Asia,Indonesia
IR,IRN,Asia,Iran
IQ,IRQ,Asia,Iraq
IE,IRL,Europe,Ireland
IM,IMN,Europe,Isle of Man
IL,ISR,Asia,Israel
IT,ITA,Europe,Italy
JM,JAM,North America,Jamaica
JP,JPN,Asia,Japan
JE,JEY,Europe,Jersey
JO,JOR,Asia,Jordan
KZ,KAZ,Eurasia,Kazakhstan
KE,KEN,Africa,Kenya
KI,KIR,Australia and Oceania,Kiribati
KP,PRK,Asia,Korea (Democratic People's Republic of)
KR,KOR,Asia,Korea (Republic of)
KW,KWT,Asia,Kuwait
KG,KGZ,Asia,Kyrgyzstan
LA,LAO,Asia,Lao People's Democratic Republic
LV,LVA,Europe,Latvia
LB,LBN,Asia,Lebanon
LS,LSO,Africa,Lesotho
LR,LBR,Africa,Liberia
LY,LBY,Africa,Libya
LI,LIE,Europe,Liechtenstein
LT,LTU,Europe,Lithuania
LU,LUX,Europe,Luxembourg
MO,MAC,Asia,Macao
MK,MKD,Europe,Macedonia (the former Yugoslav Republic of)
MG,MDG,Africa,Madagascar
MW,MWI,Africa,Malawi
MY,MYS,Asia,Malaysia
MV,MDV,Asia,Maldives
ML,MLI,Africa,Mali
MT,MLT,Europe,Malta
MH,MHL,Australia and Oceania,Marshall Islands
MQ,MTQ,North America,Martinique (France)
MR,MRT,Africa,Mauritania
MU,MUS,Africa,Mauritius
YT,MYT,Africa,Mayotte
MX,MEX,North America,Mexico
FM,FSM,Australia and Oceania,Micronesia (Federated States of)
MD,MDA,Europe,Moldova (Republic of)
MC,MCO,Europe,Monaco
MN,MNG,Asia,Mongolia
ME,MNE,Europe,Montenegro
MS,MSR,North America,Montserrat (UK)
MA,MAR,Africa,Morocco
MZ,MOZ,Africa,Mozambique
MM,MMR,Asia,Myanmar (Burma)
NA,NAM,Africa,Namibia
NR,NRU,Australia and Oceania,Nauru
NP,NPL,Asia,Nepal
NL,NLD,Europe,Netherlands
NC,NCL,Australia and Oceania,New Caledonia (France)
NZ,NZL,Australia and Oceania,New Zealand
NI,NIC,North America,Nicaragua
NE,NER,Africa,Niger
NG,NGA,Africa,Nigeria
NU,NIU,Australia and Oceania,Niue (New Zealand)
NF,NFK,Australia and Oceania,Norfolk Island (Australia)
MP,MNP,Australia and Oceania,Northern Mariana Islands (USA)
NO,NOR,Europe,Norway
OM,OMN,Asia,Oman
PK,PAK,Asia,Pakistan
PW,PLW,Australia and Oceania,Palau
PS,PSE,Asia,"Palestine, State of"
PA,PAN,North America,Panama
PG,PNG,Australia and Oceania,Papua New Guinea
PY,PRY,South America,Paraguay
PE,PER,South America,Peru
PH,PHL,Asia,Philippines
PN,PCN,Australia and Oceania,Pitcairn Islands (UK)
PL,POL,Europe,Poland
PT,PRT,Europe,Portugal
PR,PRI,North America,Puerto Rico (USA)
QA,QAT,Asia,Qatar
RE,REU,Africa,Réunion
RO,ROU,Europe,Romania
RU,RUS,Eurasia,Russia
RW,RWA,Africa,Rwanda
BL,BLM,North America,Saint Barthélemy (France)
SH,SHN,Africa,"Saint Helena, Ascension and Tristan da Cunha"
KN,KNA,North America,Saint Kitts and Nevis
LC,LCA,North America,Saint Lucia
MF,MAF,North America,Saint Martin (France)
PM,SPM,North America,Saint Pierre and Miquelon (France)
VC,VCT,North America,Saint Vincent and the Grenadines
WS,WSM,Australia and Oceania,Samoa
SM,SMR,Europe,San Marino
ST,STP,Africa,Sao Tome and Principe
SA,SAU,Asia,Saudi Arabia
SN,SEN,Africa,Senegal
RS,SRB,Europe,Serbia
SC,SYC,Africa,Seychelles
SL,SLE,Africa,Sierra Leone
SG,SGP,Asia,Singapore
SX,SXM,North America,Sint Maarten (Netherlands)
SK,SVK,Europe,Slovakia
SI,SVN,Europe,Slovenia
SB,SLB,Australia and Oceania,Solomon Islands
SO,SOM,Africa,Somalia
ZA,ZAF,Africa,South Africa
GS,SGS,South America,South Georgia and South Sandwich Islands (UK)
SS,SSD,Africa,South Sudan
ES,ESP,Europe,Spain
LK,LKA,Asia,Sri Lanka
SD,SDN,Africa,Sudan
SR,SUR,South America,Suriname
SJ,SJM,,Svalbard and Jan Mayen
SZ,SWZ,Africa,Swaziland
SE,SWE,Europe,Sweden
CH,CHE,Europe,Switzerland
SY,SYR,Asia,Syrian Arab Republic
TW,TWN,Asia,"Taiwan, Province of China"
TJ,TJK,Asia,Tajikistan
TZ,TZA,Africa,"Tanzania, United Republic of"
TH,THA,Asia,Thailand
TL,TLS,Asia,Timor-Leste
TG,TGO,Africa,Togo
TK,TKL,Australia and Oceania,Tokelau (New Zealand)
TO,TON,Australia and Oceania,Tonga
TT,TTO,North America,Trinidad and Tobago
TN,TUN,Africa,Tunisia
TR,TUR,Eurasia,Turkey
TM,TKM,Asia,Turkmenistan
TC,TCA,North America,Turks and Caicos Islands (UK)
TV,TUV,Australia and Oceania,Tuvalu
UG,UGA,Africa,Uganda
UA,UKR,Europe,Ukraine
AE,ARE,Asia,United Arab Emirates
GB,GBR,Europe,United Kingdom of Great Britain and Northern Ireland
US,USA,North America,USA (United States of America)
UM,UMI,,United States Minor Outlying Islands
UY,URY,South America,Uruguay
UZ,UZB,Asia,Uzbekistan
VU,VUT,Australia and Oceania,Vanuatu
VE,VEN,South America,Venezuela
VN,VNM,Asia,Vietnam
VG,VGB,North America,Virgin Islands (British)
VI,VIR,North America,Virgin Islands (U.S.)
WF,WLF,Australia and Oceania,Wallis and Futuna (France)
EH,ESH,Africa,Western Sahara
YE,YEM,Asia,Yemen
ZM,ZMB,Africa,Zambia
ZW,ZWE,Africa,Zimbabwe